Company Name,Website,Email,Phone,Category
1 Click Properties,https://www.1clickproperties.co.uk/,info@1clickproperties.co.uk,0208 752 1800,Letting Agent
Abode London,https://www.abodelondon.co.uk/,enquiries@abodelondon.co.uk,020 7223 3555,Estate Agent
Base Property Specialists,https://www.baseps.co.uk/,hello@baseps.co.uk,020 7033 1901,Property Management
City Lord,https://www.citylord.co.uk/,info@citylord.co.uk,020 7247 9966,Letting Agent
Delta Residential,https://www.deltaresidential.co.uk/,contact@deltaresidential.co.uk,020 7702 4455,Estate Agent
Elite Lettings,https://www.elitelettings.com/,sales@elitelettings.com,01323 723333,Letting Agent
Founders Estate Agents,https://www.foundersestateagents.com/,office@foundersestateagents.com,020 8682 2030,Estate Agent
Green Valley Properties,https://www.greenvalley.co.uk/,management@greenvalley.co.uk,0121 445 6789,Property Management
Hartswood Management,https://www.hartswood.com/,service@hartswood.com,020 7935 0011,Block Management
Island Homes,https://www.islandhomes.co.uk/,enquiry@islandhomes.co.uk,01634 892828,Estate Agent
J&H Lettings,https://www.jhlettings.co.uk/,info@jhlettings.co.uk,0115 944 4910,Letting Agent
Keatons,https://www.keatons.com/,bow@keatons.com,020 8981 7788,Estate Agent
London Residential,https://www.londonresidential.com/,enquiries@londonresidential.com,020 7482 2111,Estate Agent
Metro Village,https://www.metrovillage.com/,info@metrovillage.com,020 7112 4271,Property Management
Northwood,https://www.northwooduk.com/,reading@northwooduk.com,0118 957 2000,Letting Agent